<BackupInst xmlns="http://www.microsoft.com/GroupPolicy/GPOOperations/Manifest"><GPOGuid><![CDATA[{BBED3DE5-E9D9-40DA-AF09-1757FB4F3D16}]]></GPOGuid><GPODomain><![CDATA[TestDC.test]]></GPODomain><GPODomainGuid><![CDATA[{25114f43-9f3d-4fd5-afd4-aa703e386635}]]></GPODomainGuid><GPODomainController><![CDATA[TestDC.TestDC.test]]></GPODomainController><BackupTime><![CDATA[2021-04-19T05:32:54]]></BackupTime><ID><![CDATA[{2C258DFF-4B10-4E7A-A083-A6642F38980F}]]></ID><Comment><![CDATA[]]></Comment><GPODisplayName><![CDATA[HCTG Permission Change Audit]]></GPODisplayName></BackupInst>
